{"appName":"Dark Force - 71","appIconPath":"favicon.png","splashPath":"favicon.png","packageName":"com.darkforce71","versionName":"2.1.5","versionCode":1,"isFullscreen":false,"isHideTitleBar":false,"titleBarBackgroundColor":"#3F51B5","isAllowLongClick":true,"isShowLoadingUI":true,"isAllowZoom":false,"isPCMode":false,"isAllowAutoplay":false,"homePage":"index.html","withPHPEnv":false,"PHPPort":57249,"isAllowSwipeRefresh":true,"isAllowCamera":false,"isAllowMicrophone":false,"screenRotationMethod":1}